{
  "//": "This file was generated by the `vercel build` command. It is not part of the Build Output API.",
  "target": "preview",
  "argv": [
    "/home/lillithelsebourne/.nvm/versions/node/v22.18.0/bin/node",
    "/home/lillithelsebourne/.nvm/versions/node/v22.18.0/bin/vercel",
    "build"
  ],
  "builds": [
    {
      "require": "@vercel/static-build",
      "requirePath": "/home/lillithelsebourne/.nvm/versions/node/v22.18.0/lib/node_modules/vercel/node_modules/@vercel/static-build/dist/index",
      "apiVersion": 2,
      "src": "package.json",
      "use": "@vercel/static-build",
      "config": {
        "zeroConfig": true,
        "framework": "vite"
      }
    }
  ]
}
