[{"name":"vc.builder","duration":3446940,"timestamp":5313762395,"id":"539b543e-4b4a-4934-a7ba-f62f30147c16","parentId":"b506a447-470d-4874-ba3b-a7b63a1515d0","tags":{"name":"@vercel/static-build"},"startTime":1755797629689},{"name":"vc.builder.diagnostics","duration":28,"timestamp":5317209404,"id":"3fe5530e-acfd-4c72-b4e7-3254c1307236","parentId":"539b543e-4b4a-4934-a7ba-f62f30147c16","tags":{},"startTime":1755797633136},{"name":"vc.builder.writeBuildResult","duration":1776,"timestamp":5317209470,"id":"dbadfe27-3623-434b-976b-9731a2dff425","parentId":"539b543e-4b4a-4934-a7ba-f62f30147c16","tags":{"buildOutputLength":"1"},"startTime":1755797633136},{"name":"vc.doBuild","duration":3966494,"timestamp":5313298922,"id":"b506a447-470d-4874-ba3b-a7b63a1515d0","parentId":"78940c04-e657-4c26-bc31-550a511ea9c0","tags":{},"startTime":1755797629225},{"name":"vc","duration":3983497,"timestamp":5313281963,"id":"78940c04-e657-4c26-bc31-550a511ea9c0","tags":{},"startTime":1755797629208}]